,llama3,mistral,phi
name,0.6666666666666666,0.9999999999999999,0.5
email,0.6666666666666666,0.6666666666666666,0.0
phone,0.6666666666666666,0.6666666666666666,0.0
education,0.49999999999999994,0.49999999999999994,0.49999999999999994
experience,0.49999999999999994,0.49999999999999994,0.49999999999999994
skills,0.4833333333333333,0.591358024691358,0.16666666666666666
overall,0.5805555555555556,0.6541152263374486,0.2777777777777778
